Title,Link,Author,Replies,Views,Last_Post
到底是新疆美还是西藏美？,https://forum.xitek.com/thread-1600754-1-1.html,whoshiwoooooooo,454,27447,dongdong6031个月前
听说有人囤积水印温度计，各位屯了吗？,https://forum.xitek.com/thread-2006657-1-1.html,haiyangsea,59,2289,runnova1个月前
烧佛,https://forum.xitek.com/thread-1992128-1-1.html,fishergz,287,8026,冰河1个月前
家用钳型万用表买什么样的合适,https://forum.xitek.com/thread-2006262-1-1.html,CIO,36,928,吾醉欲眠1个月前
穷游散记 2.0,https://forum.xitek.com/thread-2001747-1-1.html,xiaodaozi,140,9267,wuhanturen1个月前
捡到一只小狗,https://forum.xitek.com/thread-1959087-1-1.html,butterflyam,28,4553,7810271个月前
温仑山这个品牌的锅靠谱吗,https://forum.xitek.com/thread-2006435-1-1.html,FPSO222,2,268,听歌的周秋1个月前
消费降级：自己配置洗碗粉,https://forum.xitek.com/thread-1858458-1-1.html,emba903,211,10263,haiyangsea1个月前
手把手教你烧→→ 酱油肉！！！,https://forum.xitek.com/thread-678216-1-1.html,干柴烈火,727,151424,大刀1个月前
......,https://forum.xitek.com/thread-1705071-1-1.html,徕了,242,1688,陌上花开1个月前
甲米莱雷半岛、皮皮岛和小长岛三个极致酒店的七日,https://forum.xitek.com/thread-1724833-1-1.html,suixz,1031,28526,wuhanturen1个月前
请推荐热泵烘干机,https://forum.xitek.com/thread-1948140-1-1.html,影像传真,71,2679,霜叶舞秋山1个月前
我制作的黑白“呼唤”,https://forum.xitek.com/thread-2006822-1-1.html,春天照相馆,0,608,春天照相馆1个月前
开个手冲咖啡交流贴吧,https://forum.xitek.com/thread-2001270-1-1.html,鱼言风语III,125,9413,鱼言风语III1个月前
烧烧三星堆,https://forum.xitek.com/thread-1955727-1-1.html,斜阳系缆,738,60699,斜阳系缆1个月前
西安青龙寺,https://forum.xitek.com/thread-2000287-1-1.html,yuffyuer,12,4231,yuffyuer1个月前
国内免费旅游景点求推荐,https://forum.xitek.com/thread-1979992-1-1.html,水中的晚秋,24,1227,wxb1个月前
...心归天崖...才写的字，我与内容反其道而行之。诗中说的地址我一处未到，只是家里蹲。,https://forum.xitek.com/thread-2006673-1-1.html,春天照相馆,2,587,camsone1个月前
年龄大了，没了到处跑的欲望了，搞个院子玩玩,https://forum.xitek.com/thread-1949505-1-1.html,whywxx,1341,89262,whywxx1个月前
修车工具应有度,https://forum.xitek.com/thread-2006675-1-1.html,CIO,11,855,久违991个月前
扁平疣中医如何治疗,https://forum.xitek.com/thread-808811-1-1.html,hxs,51,6553,pingxh1个月前
最近运动相机挺热闹，两家打起来了，哪家强？,https://forum.xitek.com/thread-2006083-1-1.html,haiyangsea,26,1399,sxf0251个月前
为成年人写好钢笔字小小服务一下,https://forum.xitek.com/thread-739955-1-1.html,星辰冰镜,632,64749,星辰冰镜1个月前
滑石子胎瓷器，瓷器陶土中的皇帝,https://forum.xitek.com/thread-1977634-1-1.html,色影曹操,80,12768,色影曹操1个月前
有烧啤酒的吗，请路过的啤酒达人推荐几款，谢谢！,https://forum.xitek.com/thread-1976896-1-1.html,纽约半年,322,13570,CATWK1个月前
以自己的亲身经历 说说国内还有哪些原生的真正的古迹和老街,https://forum.xitek.com/thread-1695788-1-1.html,allseasons,545,33913,allseasons1个月前
想买个便携的户外炉，请推荐,https://forum.xitek.com/thread-2005774-1-1.html,haiyangsea,33,1598,chibang1个月前
有无限波长电磁波吗？有无限高频率的电磁波吗？,https://forum.xitek.com/thread-2006453-1-1.html,八大行星,23,656,lhy021个月前
准备DIY一套卧室新风+送冷系统，大家看看可行吗？,https://forum.xitek.com/thread-2006556-1-1.html,plmnko2000,10,540,kevinwong551个月前
日记-《与喵小小谈一场恋爱》,https://forum.xitek.com/thread-1669427-1-1.html,最后的狼,2174,94303,最后的狼1个月前
《紫砂正义》—— 第十六期(续),https://forum.xitek.com/thread-2001332-1-1.html,数蛇的猫,76,6151,levin_xie1个月前
求：《有一种思念叫永远》MP3,https://forum.xitek.com/thread-2006499-1-1.html,好高不骛远,20,552,好高不骛远1个月前
有烧围裙的吗？,https://forum.xitek.com/thread-2006558-1-1.html,ahshie,10,495,haiyangsea1个月前
离退休还早，适合养猫还是养狗？,https://forum.xitek.com/thread-2003938-1-1.html,chuda1980,158,4257,ttyy1个月前
电动辅助自行车,https://forum.xitek.com/thread-2004361-1-1.html,老班章,47,1962,流水人家流水1个月前
蚕丝被到底有多保暖,https://forum.xitek.com/thread-2006292-1-1.html,lhy02,70,2292,lhy021个月前
大叔如何逆袭篮球场,https://forum.xitek.com/thread-1571606-1-1.html,刘老根大舞台,270,14045,刘老根大舞台1个月前
到底什么人穿冲锋衣，干什么用的,https://forum.xitek.com/thread-2005434-1-1.html,wxb,299,7256,大澳1个月前
家用咖啡机选择串串烧(第二十七串 無恋篇）,https://forum.xitek.com/thread-1985901-1-1.html,kj008,2498,45368,老老头1个月前
问个红砖的问题,https://forum.xitek.com/thread-2006579-1-1.html,xinf-60d,10,558,camsone1个月前
聊聊抑郁症,https://forum.xitek.com/thread-759880-1-1.html,如果没有你,141,6307,云门光影1个月前
双11买花洒，求推荐,https://forum.xitek.com/thread-2005541-1-1.html,一晴方觉夏深,28,1030,renching1个月前
右中腹隐痛一个多月，增强CT却一切正常？,https://forum.xitek.com/thread-2004596-1-1.html,carac,62,2486,jsnjdbh1个月前
天文的问题：为什么我们观察的星云形状各不相同？,https://forum.xitek.com/thread-2005941-1-1.html,haiyangsea,7,489,心想事不成1个月前
便携式制氧机可行?,https://forum.xitek.com/thread-2005170-1-1.html,paku,33,1433,心想事不成1个月前
古代贵金属货币是如何流通的？,https://forum.xitek.com/thread-2005777-1-1.html,haiyangsea,18,586,ttyy1个月前
学Solid Edge软件有前途吗？,https://forum.xitek.com/thread-2006138-1-1.html,八大行星,20,496,八大行星1个月前
喷射飞航-波音929系列Jetfoil（喷射水翼船）最后一艘在港退役,https://forum.xitek.com/thread-2006219-1-1.html,八大行星,5,424,八大行星2个月前
透气和保暖的若干疑问,https://forum.xitek.com/thread-2005947-1-1.html,lhy02,33,1094,北极的鱼2个月前
看上一款卡西欧手表，专柜2190，某宝1290，敢买吗？,https://forum.xitek.com/thread-1113368-1-1.html,abashe,81,7126,aceo2个月前
#大家聊聊自己的EDC吧#(续),https://forum.xitek.com/thread-1289248-1-1.html,球不是这样踢地,1386,426655,六片四组2个月前
榨完油的黄豆渣，怎么没人吃？,https://forum.xitek.com/thread-2005300-1-1.html,yxiao_9015,83,2493,山中问答2个月前
装修日记-------已经正式入住,https://forum.xitek.com/thread-1661882-1-1.html,小梅沙,2342,176420,borntorun2个月前
神州20号返回内蒙古，北京能拍到吗？,https://forum.xitek.com/thread-2005766-1-1.html,haiyangsea,2,354,haiyangsea2个月前
四块以下的一拉罐啤酒那家强？,https://forum.xitek.com/thread-2005544-1-1.html,好高不骛远,29,1190,好高不骛远2个月前
入门级半自动咖啡机有推荐吗？,https://forum.xitek.com/thread-2002520-1-1.html,磐安风,35,2808,荆无命2个月前
面积大国地图怎么看都是世界中心,https://forum.xitek.com/thread-2005813-1-1.html,我依偎着徕卡,1,271,值班管理员2个月前
永远爱迪士尼！！！,https://forum.xitek.com/thread-2005789-1-1.html,lkj00,0,146,lkj002个月前
喜欢文玩核桃的进来晒晒！,https://forum.xitek.com/thread-1068491-1-1.html,快并快乐者,2311,96403,快并快乐者2个月前
在JD购物安全感满满。,https://forum.xitek.com/thread-2005767-1-1.html,fiedel,0,397,fiedel2个月前
实木大桌子(续),https://forum.xitek.com/thread-1477615-1-1.html,老秦,711,114321,whywxx2个月前
盘点书架上的旧书与新书,https://forum.xitek.com/thread-1982438-1-1.html,時光機,199,10483,時光機2个月前
有烧音乐的吗？,https://forum.xitek.com/thread-2005552-1-1.html,好高不骛远,24,746,好高不骛远2个月前
国补有申领到的吗？好申领吗？是不是很难？是不是有点失望？,https://forum.xitek.com/thread-2005441-1-1.html,allseasons,32,1303,值班管理员2个月前
人到中年，突然对摩托车发烧了，有劝的吗,https://forum.xitek.com/thread-1925583-1-1.html,天下无忌,1390,80365,云门光影2个月前
88vip购物卡月卡（已开过卡）续费会有什么样的大额优惠券呢？,https://forum.xitek.com/thread-2005701-1-1.html,lhy02,0,143,lhy022个月前
游钓黄河小浪底和洛阳,https://forum.xitek.com/thread-2005700-1-1.html,不闻,0,315,不闻2个月前
有喝过椰粉的吗？,https://forum.xitek.com/thread-2005603-1-1.html,lhy02,15,473,lhy023个月前
Nike Pegasus Premium  鞋底真厚！ 颜值直降80！,https://forum.xitek.com/thread-2005661-1-1.html,lkj00,0,196,lkj003个月前
迪士尼影视部真是没救了那么好题材居然打稀烂,https://forum.xitek.com/thread-2005526-1-1.html,lkj00,3,344,allseasons3个月前
还有没有王法？喝点酒，血压就降那么低,https://forum.xitek.com/thread-1982341-1-1.html,酥哥好色,75,2627,allseasons3个月前
年龄一大，就开始迷一些油腻的东西，最近两三年迷上了汝瓷,https://forum.xitek.com/thread-1986791-1-1.html,大爱河南,53,4070,权修3个月前
耳顺之年谋划贴,https://forum.xitek.com/thread-1982114-1-1.html,jerry4112,120,6444,FAF3个月前
电烙铁专题,https://forum.xitek.com/thread-1996854-1-1.html,fruitbear,352,13469,ssl00083个月前
英雄100金笔真粗糙，616是良心！,https://forum.xitek.com/thread-1826242-1-1.html,已注销用户,72,6475,被关小黑屋3个月前
年纪越大越怀旧，喜欢的论坛仅剩无忌，纪念一下摩托情怀,https://forum.xitek.com/thread-1961378-1-1.html,jh323468,38,5023,sanxiayu3个月前
终于跑完21km,https://forum.xitek.com/thread-1558957-1-1.html,hawaii_flyer,60,4564,一晴方觉夏深3个月前
洗碗机推荐个,https://forum.xitek.com/thread-2005276-1-1.html,莫凡有忌,7,454,心想事不成3个月前
就是嚴肅的紀念,https://forum.xitek.com/thread-2005532-1-1.html,我依偎着徕卡,8,533,我依偎着徕卡3个月前
推荐个手持迷你吸尘器,https://forum.xitek.com/thread-2004927-1-1.html,CIO,12,809,老高3个月前
人生的“意外”，走向律师之路,https://forum.xitek.com/thread-1917883-1-1.html,okj,131,6083,okj3个月前
豆类中还有什么和黄豆蛋白质含量差不多的,https://forum.xitek.com/thread-2005507-1-1.html,lhy02,0,177,lhy023个月前
给推荐个佩戴比较舒服的降噪耳机吧,https://forum.xitek.com/thread-2005135-1-1.html,haiyangsea,47,2148,camsone3个月前
开个贴   亮一亮家中精致的小物件,https://forum.xitek.com/thread-1782614-1-1.html,一叶孤舟nt,439,47144,一叶孤舟nt3个月前
耐克一促销 想买买买,https://forum.xitek.com/thread-2005255-1-1.html,lkj00,3,499,lkj003个月前
大家冰箱里冻肉，下面是放食品级塑料袋么？,https://forum.xitek.com/thread-2004549-1-1.html,lhy02,20,1285,zgychn3个月前
动画片起源是秦腔为代表的中国戏剧吗 外国的也是起源本地戏剧吗,https://forum.xitek.com/thread-2005450-1-1.html,我依偎着徕卡,0,203,我依偎着徕卡3个月前
中草药的功效不得不承认 : 厉害极了,https://forum.xitek.com/thread-2005330-1-1.html,plmnko2000,52,2176,值班管理员3个月前
电子吸盘,https://forum.xitek.com/thread-2004760-1-1.html,老班章,23,1212,wxb3个月前
给推荐几个微短剧吧，节省脑细胞，看的过瘾就行,https://forum.xitek.com/thread-2005209-1-1.html,haiyangsea,8,1223,wxb3个月前
炒菜铁锅有推荐的吗？,https://forum.xitek.com/thread-2003079-1-1.html,plmnko2000,149,4071,wintx1503个月前
有没有软件可以将电脑里面的照片根据拍摄地点显示在地图上？,https://forum.xitek.com/thread-2002633-1-1.html,leoleo2100,7,1480,IEC9093个月前
淘宝上超B级 c级的锁芯有什么性价比超高的？,https://forum.xitek.com/thread-1432684-1-1.html,y97rm,232,59770,mys67110113个月前
有烧电子门锁的吗？求推荐。,https://forum.xitek.com/thread-2005142-1-1.html,fiedel,66,2195,雨过夜塘3个月前
有没有创业大佬可以推荐一个兼职啊,https://forum.xitek.com/thread-2004363-1-1.html,浪淘沙220310,3,567,xmcqx3个月前
至味是白茶,https://forum.xitek.com/thread-1792970-1-1.html,林听,1015,60726,饮苦食毒3个月前
请教一下离散数学的分支问题。,https://forum.xitek.com/thread-2005218-1-1.html,stalk012,8,279,camsona3个月前
普洱古树茶,https://forum.xitek.com/thread-1966571-1-1.html,老班章,49,4382,老而不3个月前
燃气热水器及热水管如何清理水垢？,https://forum.xitek.com/thread-2000668-1-1.html,妙哥,20,5033,漓江秋色3个月前
实木厚菜板如何弄薄？,https://forum.xitek.com/thread-2005012-1-1.html,haiyangsea,45,1103,云门光影3个月前
古琴岳山处开裂求指点,https://forum.xitek.com/thread-1694865-1-1.html,透明之夜,13,863,youguluming884个月前
说说我知道的最长和最短公交站,https://forum.xitek.com/thread-2004128-1-1.html,古渡,19,603,古渡4个月前
烤箱烘咖啡豆不够香,https://forum.xitek.com/thread-2004204-1-1.html,CIO,6,256,camsone4个月前
咖啡豆也不是个省心的,https://forum.xitek.com/thread-1996832-1-1.html,barfielt,49,6088,maizhan4个月前
鲤鱼钳和水泵钳买哪个,https://forum.xitek.com/thread-2003686-1-1.html,CIO,19,946,CIO4个月前
劳力士表友俱乐部 III - The Rolex Club(续),https://forum.xitek.com/thread-1778816-1-1.html,蓝薄荷,558,47550,fctree5个月前
积分换了瓶花生油，那个脂肪的百分比是怎么回事？,https://forum.xitek.com/thread-2003088-1-1.html,dao7137,19,549,airbike5个月前
有喜欢菊石的吗？,https://forum.xitek.com/thread-1080820-1-1.html,magicsoft,107,7792,magicsoft5个月前
大家对住建部旧房翻新改造政策怎么看？,https://forum.xitek.com/thread-2004170-1-1.html,haiyangsea,1,370,值班管理员5个月前
培根肉换代了,https://forum.xitek.com/thread-2004122-1-1.html,CIO,15,772,FAF5个月前
有没有 奢侈品或者国际牌子  出男士裙装,https://forum.xitek.com/thread-2004089-1-1.html,lkj00,17,550,camsona5个月前
今年的第一个喜报,https://forum.xitek.com/thread-2003394-1-1.html,MM7,129,4526,MM75个月前
谁知道泰国菜里面的咖喱酱是怎么调的？,https://forum.xitek.com/thread-1210129-1-1.html,abashe,12,531,camsone5个月前
CHUR（库尔）－－世界上最易用的专业ESPRESSO咖啡机,https://forum.xitek.com/thread-676734-1-1.html,kevindee,2012,181426,大雨04315个月前
手机进海水了,https://forum.xitek.com/thread-2003783-1-1.html,haiyangsea,19,597,camsona5个月前
现在发现人到老年后有点可怕,https://forum.xitek.com/thread-1986709-1-1.html,微笑的梨,368,21114,擦枪走水5个月前
室内能收到GPS信号吗？,https://forum.xitek.com/thread-2000180-1-1.html,第三个账号,45,5164,八大行星5个月前
不愧为顽主，烧完可烧的东西，开始烧二代了,https://forum.xitek.com/thread-2003908-1-1.html,明海一,6,881,霜叶舞秋山5个月前
汾酒的价值,https://forum.xitek.com/thread-1553125-1-1.html,钛色旁轴,201,16498,andytse10035个月前
崂山巨峰,https://forum.xitek.com/thread-2002919-1-1.html,还酹江月,107,2278,还酹江月5个月前
75、85寸电视机和洗衣机有推荐吗？,https://forum.xitek.com/thread-2000174-1-1.html,磐安风,53,5869,AudiTT5个月前
年龄真是把杀猪刀，十八二十你纵是潘安在世风流倜傥闭月羞花倾国倾城，五六十以后难免不是豆腐渣渣,https://forum.xitek.com/thread-2004030-1-1.html,plmnko2000,0,399,plmnko20005个月前
用烤箱转笼烘咖啡豆，每分钟2.5转够用吗？,https://forum.xitek.com/thread-2004022-1-1.html,CIO,0,154,CIO5个月前
求推荐廉价望远镜：双筒，屋脊镜，10×32。,https://forum.xitek.com/thread-1968433-1-1.html,老草,10,1126,sccdlw5个月前
现在购买家用电动工具，是买带电池的还是买使用市电的？,https://forum.xitek.com/thread-1960530-1-1.html,买头要钱,55,5166,云门光影5个月前
空调突然不制冷了，大家分析分析啥原因,https://forum.xitek.com/thread-2003796-1-1.html,haiyangsea,29,1488,星辰冰镜5个月前
有烧刀剑的吗?,https://forum.xitek.com/thread-2003785-1-1.html,云居山1978,9,558,值班管理员5个月前
过了四十，你还在烧神马？,https://forum.xitek.com/thread-1265877-1-1.html,林听,1801,271900,metaldz5个月前
还有烧照片打印机的么？,https://forum.xitek.com/thread-2003677-1-1.html,78691,10,637,酒意浓5个月前
风总贵子北大录取通知书统一使用的EMS快递从京到沪三天就收到，天宝五年从涪陵快递到长安运水果竟也是三天,https://forum.xitek.com/thread-2003089-1-1.html,我依偎着徕卡,8,606,我依偎着徕卡5个月前
求推荐生普,https://forum.xitek.com/thread-2003870-1-1.html,鹿鸣呦呦呦,2,308,木头牛5个月前
兄弟们，我乃哪吒三太子,https://forum.xitek.com/thread-1999085-1-1.html,aa888999aa,7,5015,alanzhang825个月前
檀香 沉香 黄花梨 手串交流聚集地,https://forum.xitek.com/thread-1072679-1-1.html,清澈的眼睛,864,122956,alanzhang825个月前
北方人第一次用除湿机，感觉很神奇,https://forum.xitek.com/thread-2003755-1-1.html,haiyangsea,21,894,camsona5个月前
选家用烤箱还是空气炸锅？,https://forum.xitek.com/thread-2003831-1-1.html,zhby9818,22,721,camsona5个月前
现在的电动自行车  太香了,https://forum.xitek.com/thread-1969136-1-1.html,mdes74,133,12222,zjzhaojm5个月前
朋友们 玩游泳啊   游泳真的可以减肥  对身材影响很大 。,https://forum.xitek.com/thread-2003390-1-1.html,pierrehu,41,1307,liooli5个月前
你们双十一买了啥？准备买啥？,https://forum.xitek.com/thread-1940319-1-1.html,sans,395,28514,7810275个月前
电钻钻铁皮,https://forum.xitek.com/thread-2003782-1-1.html,※※※※odui,12,483,camsona5个月前
耳鸣真烦人,https://forum.xitek.com/thread-2003681-1-1.html,天线宝宝宝,17,700,dao71375个月前
聊下相机背带?,https://forum.xitek.com/thread-2003740-1-1.html,paku,5,435,paku5个月前
在家自己制咖啡能达到星巴克的口感水平吗?,https://forum.xitek.com/thread-701026-1-1.html,kurtgao,783,50561,7810275个月前
新败松下NC-HU401P电水瓶后谈体会,https://forum.xitek.com/thread-970335-1-1.html,程度,721,145980,一世人俩兄弟5个月前
好玩的口琴,https://forum.xitek.com/thread-1970500-1-1.html,清风雅鼠,420,15627,语冰5个月前
搞了个蓝牙对时的挂钟机芯,https://forum.xitek.com/thread-2002974-1-1.html,装甲车手,48,1795,装甲车手5个月前
刚搞清白云机场是国际国内双起降,https://forum.xitek.com/thread-2003392-1-1.html,开山鼻祖,21,1101,sodasa5个月前
极简生活(3)少做家务,https://forum.xitek.com/thread-1981375-1-1.html,lhy02,24,2008,CIO5个月前
把新风主机装在户外连廊，可行吗？,https://forum.xitek.com/thread-1842943-1-1.html,nikkorjun,72,3064,nikkorjun5个月前
器材购买板块封了，暂且发这里吧：1.5-2.0万够买一机一头，我该怎样回复人家？,https://forum.xitek.com/thread-2003299-1-1.html,plmnko2000,28,1568,清风雅鼠5个月前
使用煤油灯而不使用电灯的10大理由,https://forum.xitek.com/thread-171479-1-1.html,浪仙,1033,105490,浪仙5个月前
求助帖！父亲因高血压引起心脏衰竭，无忌高人多，请大家帮忙规划合理治疗方案！,https://forum.xitek.com/thread-1023678-1-1.html,asggdda,87,5782,ttyy5个月前
现在还保留这个，也只有北京了吧,https://forum.xitek.com/thread-2002849-1-1.html,明海一,167,4586,明海一5个月前
德力西曲线锯家用怎样,https://forum.xitek.com/thread-2003302-1-1.html,CIO,15,617,CIO5个月前
喜欢紫檀木者请进,https://forum.xitek.com/thread-314123-1-1.html,CCNF,556,100432,老老头5个月前
早餐不能吃多，只能吃点无油的东西,https://forum.xitek.com/thread-2003504-1-1.html,lujg98,10,647,camsona5个月前
运动耳机无论如何都用不久,https://forum.xitek.com/thread-2002873-1-1.html,CIO,35,1412,camsona5个月前
老年人早起出门活动后，有时会双腿发软站不稳，一般啥原因啊,https://forum.xitek.com/thread-2003562-1-1.html,inteltt,4,438,camsona5个月前
当你大号的时候，你的猫在哪里？,https://forum.xitek.com/thread-1982303-1-1.html,bg4qwd,28,1324,camsone5个月前
环保结实点的小桌板哪里买？,https://forum.xitek.com/thread-2003488-1-1.html,inteltt,7,403,camsona5个月前
趁着AI还没有普及，还是多说说美女吧,https://forum.xitek.com/thread-1984669-1-1.html,renching,96,6602,值班管理员5个月前
有没有烧大叔恋或爹系的，只喜欢和年青女性交流。,https://forum.xitek.com/thread-2003479-1-1.html,jx2k,1,446,值班管理员5个月前
没人烧国标电动自行车吗？,https://forum.xitek.com/thread-1926814-1-1.html,自自在在,125,8516,7810275个月前
能承重 韧性好 不易变形 适合定制桌面的材料有哪些？,https://forum.xitek.com/thread-2003408-1-1.html,inteltt,19,973,老顽童5个月前
奔五学英语，求教有何正规渠道,https://forum.xitek.com/thread-1924740-1-1.html,colar,192,7459,咬就是舍5个月前
还有三大知识爱好者么？,https://forum.xitek.com/thread-2003357-1-1.html,磐安风,26,1378,战列舰20025个月前
保健食品与普通食品的乱象！,https://forum.xitek.com/thread-2003405-1-1.html,色影者,5,681,值班管理员6个月前
论坛高人多，我这个手串是什么石头做的，有人知道吗？,https://forum.xitek.com/thread-2003318-1-1.html,lujg98,3,430,lujg986个月前
准备去海边住几天，想买个小型洗衣机。,https://forum.xitek.com/thread-2003102-1-1.html,haiyangsea,22,1015,酒意浓6个月前
"松下冲牙器EW-DJ10A据说不错,大家指点下",https://forum.xitek.com/thread-1134791-1-1.html,happypig,241,29477,老老头6个月前
有烧精酿啤酒的吗？有人说精酿啤酒=智商税？,https://forum.xitek.com/thread-1935239-1-1.html,georgefan2008,63,4043,rx78ntalex6个月前
“热销”的物品厂家竟然优先在抖音销售,https://forum.xitek.com/thread-2003381-1-1.html,啊色丁,0,244,啊色丁6个月前
关于冲牙器，洁碧和博朗，哪个更好一点？,https://forum.xitek.com/thread-1956163-1-1.html,久违99,27,1923,杭州螺螺6个月前
我这口铸铁煎锅还能修复么？,https://forum.xitek.com/thread-2003253-1-1.html,白音宝力格,27,782,camsone6个月前
袜子延寿,https://forum.xitek.com/thread-2003322-1-1.html,renching,14,460,杭州螺螺6个月前
宜家的橱柜如何？,https://forum.xitek.com/thread-2003109-1-1.html,熊爪,12,605,磐安风6个月前
儿时的回忆，永远的变形金刚（无忌变形金刚俱乐部）！,https://forum.xitek.com/thread-834287-1-1.html,灯绳,750,55982,7810276个月前
做衣架的木板是什么料,https://forum.xitek.com/thread-2003340-1-1.html,CIO,1,221,camsone6个月前
有骑电摩电自的吗？,https://forum.xitek.com/thread-1989467-1-1.html,某某1987,13,1337,xinf-60d6个月前
天龙 DENON TU-604CI 收音头 开箱记，标价1000美刀的东西面板居然是塑料的,https://forum.xitek.com/thread-1133434-1-1.html,YiiY,104,12022,燕南云树6个月前
有烧洗碗的吗？,https://forum.xitek.com/thread-1883628-1-1.html,南山真人,21,1078,文艺男中年6个月前
有没有玩儿户外智能温度计的？,https://forum.xitek.com/thread-1989350-1-1.html,haiyangsea,13,955,camsona6个月前
有喜欢写豆腐干的同好吗,https://forum.xitek.com/thread-2003172-1-1.html,草色烟光,24,1127,绅士北6个月前
大庆的共享电动单车今年春天开始基本撤销了锁车的桩子现在还套着呢，脏脏的都是灰。,https://forum.xitek.com/thread-2003292-1-1.html,我依偎着徕卡,2,702,值班管理员6个月前
自己换了智能马桶盖的缓冲器，省200块,https://forum.xitek.com/thread-2003288-1-1.html,haiyangsea,1,458,3color6个月前
聊聊电动车（电摩、电动自行车等）,https://forum.xitek.com/thread-1495548-1-1.html,09马甲,494,50913,绅士北6个月前
刚刚购入CASIO 60T登山运动表,https://forum.xitek.com/thread-171318-1-1.html,十一郎,438,79764,hzxah16个月前
铂富咖啡机居然成了投资理财品,https://forum.xitek.com/thread-2003157-1-1.html,磐安风,7,495,Bohnenkaffee6个月前
这几样传统水果还有卖吗？,https://forum.xitek.com/thread-1998083-1-1.html,allseasons,59,5964,酒意浓6个月前
有到大排档茶馆掏耳朵成瘾的吗？掏耳是找熟悉的人掏吗？似乎是聊天解闷的陪聊最古老鼻祖吗？,https://forum.xitek.com/thread-2003171-1-1.html,我依偎着徕卡,7,448,磐安风6个月前
录音笔TASCAM DR-100II回放出现了特奇怪的问题，有DX遇到过吗？,https://forum.xitek.com/thread-2002689-1-1.html,lightart,7,1042,camsona6个月前
挑来挑去，还是入手了卡西欧廉价表,https://forum.xitek.com/thread-1992458-1-1.html,haiyangsea,26,1942,7810276个月前
有哪位朋友爱看鲁迅的书吗,https://forum.xitek.com/thread-1994133-1-1.html,第三个账号,51,6746,Naashon6个月前
关于刷牙的疑问，为什么要刷牙？,https://forum.xitek.com/thread-2003059-1-1.html,牛年好,96,2171,ell6个月前
玩自恋俱乐部，我就很自恋,https://forum.xitek.com/thread-1877959-1-1.html,我依偎着徕卡,43,1885,我依偎着徕卡6个月前
开一个拍视频俱乐部吧！,https://forum.xitek.com/thread-1887836-1-1.html,瞬间的震撼,16,955,西关小筑6个月前
请问下，自带热泵烘衣功能的洗烘一体机哪款便宜又好用？,https://forum.xitek.com/thread-2003160-1-1.html,啊色丁,13,519,天平失衡6个月前
卫生间环境湿度大的地方铜铝接线如何更可靠同时便捷？,https://forum.xitek.com/thread-2003173-1-1.html,去留无意WJ,18,565,sanxiayu6个月前
筷子、牙刷三个月半年要更换，是不是资本的忽悠？,https://forum.xitek.com/thread-2002522-1-1.html,renching,59,3919,teteliu6个月前
最新喜欢喝朝日辛口，有啥平替推荐？,https://forum.xitek.com/thread-2002884-1-1.html,haiyangsea,10,585,CATWK6个月前
罪与罚的廉航！ZS税是和财富的界限,https://forum.xitek.com/thread-2003201-1-1.html,lkj00,1,386,值班管理员6个月前
短短二月多月下了5000多盘中国象棋！,https://forum.xitek.com/thread-2000213-1-1.html,一路风霜,13,4186,一路风霜6个月前
跟腱炎,https://forum.xitek.com/thread-2002918-1-1.html,八大行星,11,819,夏海长风6个月前
笨想法 汉字的一到五形成的原因 及其其他汉字形成自然规律深挖,https://forum.xitek.com/thread-2003156-1-1.html,我依偎着徕卡,4,317,yifanker6个月前
有用过章丘大肚铁锅的吗？,https://forum.xitek.com/thread-2003010-1-1.html,zhby9818,13,1230,camsone6个月前
【猪猪装修】《小小猪的石头屋》400平米新家装修记事-2011年7月更新,https://forum.xitek.com/thread-1060348-1-1.html,jasonzhu,206,46208,aprincess6个月前
便携冲牙器求推,https://forum.xitek.com/thread-1911519-1-1.html,148000,73,1957,shwxyb4006个月前
自己不养宠物，拍了照片，别人的就是我的！,https://forum.xitek.com/thread-2002786-1-1.html,我依偎着徕卡,4,813,我依偎着徕卡6个月前
其实目镜竖屏取景挺好的，要不然专业板砖也不会生产了！,https://forum.xitek.com/thread-2003054-1-1.html,plmnko2000,0,244,plmnko20006个月前
朋友sk赠送的油画，苏联艺术家米拉西莫夫原作，《一群画家的合像》,https://forum.xitek.com/thread-1976548-1-1.html,幸福照相馆,25,1411,我依偎着徕卡6个月前
软底鞋子，走路响,https://forum.xitek.com/thread-2002844-1-1.html,renching,28,1127,酒意浓6个月前
北京这是要入梅吗？,https://forum.xitek.com/thread-2002580-1-1.html,haiyangsea,59,3564,我依偎着徕卡6个月前
旅游能不能尽兴，天气很重要,https://forum.xitek.com/thread-2002908-1-1.html,fiedel,23,788,半山半海6个月前
被打扰的感觉,https://forum.xitek.com/thread-1995410-1-1.html,renching,48,5126,值班管理员6个月前
最好用的键盘还得是双飞燕,https://forum.xitek.com/thread-2002565-1-1.html,CIO,16,2041,要你命三千6个月前
特大好消息，我家今年考上北京大学了,https://forum.xitek.com/thread-2002880-1-1.html,风吹过的国度,103,6807,值班管理员6个月前
这几款投影仪选哪个？,https://forum.xitek.com/thread-1995285-1-1.html,啊色丁,52,5607,要你命三千6个月前
开始烧壶铃，50+的人增强核心力量和功能性训练,https://forum.xitek.com/thread-1990379-1-1.html,shwxyb400,3,977,送水工6个月前
躺平了！,https://forum.xitek.com/thread-2002759-1-1.html,lkj00,66,3436,虚镜头6个月前
求助释读老家具上的文字,https://forum.xitek.com/thread-2002855-1-1.html,bowarrow,6,569,远处006个月前
30多年前的国产精品--海燕台式收扩唱卡座,https://forum.xitek.com/thread-1669682-1-1.html,天外天54,15,890,renching6个月前
请手电大家谈的筒友帮我去发个解封帖，被误封了,https://forum.xitek.com/thread-2002766-1-1.html,莫凡有忌,5,982,莫凡有忌6个月前
物价简直干上日本了！ 7月 星巴克没喝  去 230.9了！,https://forum.xitek.com/thread-2002850-1-1.html,lkj00,4,932,值班管理员6个月前
夏天到，有烧制冰盒的吗？,https://forum.xitek.com/thread-2002203-1-1.html,一晴方觉夏深,30,3664,浅翠深黄6个月前
6.28以后没有CCC标志的21700/18650/16340/14500/AA/AAA能不能带上飞机？,https://forum.xitek.com/thread-2002467-1-1.html,cd7777,71,5483,camsona6个月前
保险杠翘角了，铆钉镶个铁片板正怎么样,https://forum.xitek.com/thread-2002783-1-1.html,CIO,8,819,单行道6个月前
有退休后到露西亚读艺术博士和硕士玩的吗，有劝的吗？,https://forum.xitek.com/thread-1974769-1-1.html,发言,126,4686,我依偎着徕卡6个月前
净水器使用测试,https://forum.xitek.com/thread-2002772-1-1.html,xxjtgyp,4,913,lkj006个月前
有人烧过这个物理题吗：一斤水浮起航母,https://forum.xitek.com/thread-2002104-1-1.html,godtohell,80,5718,tianman6个月前
今年618前后你薅了多少羊毛？,https://forum.xitek.com/thread-2002241-1-1.html,plmnko2000,25,4147,doymll6个月前
让我们一起学习/研究摄影基础技术,https://forum.xitek.com/thread-2002281-1-1.html,xiaodaozi,5,3231,值班管理员6个月前
两口不锈钢锅，为什么差距这么大？,https://forum.xitek.com/thread-1988797-1-1.html,OTPeak,20,1948,zhxuxe6个月前
自行车脚踏板螺丝方向，是我认知错了，还是厂家生产错了？,https://forum.xitek.com/thread-2002077-1-1.html,啊色丁,115,8934,冰河6个月前
来谈谈石英表和机芯，兼电池问题 ~ 看高端的就别进了~ 有感兴趣的请进来讨论讨论，也请行家来指点下~,https://forum.xitek.com/thread-1977562-1-1.html,ysl0606,39,3921,ysl06066个月前
用角码连接件做工具柜和用铝型材做工具柜比怎样？,https://forum.xitek.com/thread-2002577-1-1.html,上上签,26,1977,Trompette6个月前
相机电池3C问题,https://forum.xitek.com/thread-2002671-1-1.html,paku,5,1474,半山半海6个月前
中国书法资源（500+G）转发。,https://forum.xitek.com/thread-1995918-1-1.html,一个人的远行,34,5411,xinxiliu6个月前
定性测水质,https://forum.xitek.com/thread-2002672-1-1.html,CIO,1,1106,camsona6个月前
缠丝玛瑙有假货吗？,https://forum.xitek.com/thread-2002650-1-1.html,radius,5,1264,camsona6个月前
古董木制老相机,https://forum.xitek.com/thread-2002603-1-1.html,皓月星辉,2,1439,viewfinder6个月前
90年代去长春坐出租车5元起步,https://forum.xitek.com/thread-1995299-1-1.html,开山鼻祖,21,4382,开山鼻祖6个月前
同一台饮水机里的直饮水和弱碱水会有区别吗,https://forum.xitek.com/thread-2002611-1-1.html,CIO,8,1412,云门光影7个月前
旅居生活,https://forum.xitek.com/thread-1998403-1-1.html,yoah2008,25,6228,yoah20087个月前
疏通厕所下水，手电钻+5米钢丝，可行吗？有无推荐的购买网址,https://forum.xitek.com/thread-2002296-1-1.html,dfgh1324,46,3878,gd6117个月前
买胎压表的多吗,https://forum.xitek.com/thread-2002518-1-1.html,CIO,37,2871,臭手7个月前
什么年代了，316筷子我5年前就淘汰了。现在全部用钛筷。,https://forum.xitek.com/thread-1937264-1-1.html,sulv,391,21844,chia7个月前
拍拍大陆，台湾，日本产的三种医用穿刺针。,https://forum.xitek.com/thread-1724685-1-1.html,图拉丁的赛扬,67,6372,duoduobear7个月前
余生十五年,https://forum.xitek.com/thread-1982789-1-1.html,大阿满,62,8416,大阿满7个月前
有高精度手提秤推荐吗？,https://forum.xitek.com/thread-2002440-1-1.html,磐安风,117,4431,alchen7个月前
我的皮带扣收藏,https://forum.xitek.com/thread-1236591-1-1.html,Z22,73,3946,冰河7个月前
西瓜上的洞是虫洞吗,https://forum.xitek.com/thread-2002452-1-1.html,CIO,23,2504,云门光影7个月前
为什么智能手表的厂家不愿意做卫星授时？,https://forum.xitek.com/thread-1980903-1-1.html,第三个账号,42,2683,camsona8个月前
探讨个人类进化问题,https://forum.xitek.com/thread-2001807-1-1.html,古渡,4,3751,值班管理员8个月前
大家有没有注意到，现在有线电视跟宽带合二为一了,https://forum.xitek.com/thread-2000597-1-1.html,allseasons,61,6125,烟男人8个月前
有没烧古建的?,https://forum.xitek.com/thread-2001159-1-1.html,paku,5,4143,烟男人8个月前
请教大家我这个情况买跑步机会成为衣架吗？,https://forum.xitek.com/thread-2001498-1-1.html,啊色丁,36,5593,啊色丁8个月前
短住小黑房后的反省和学习体会：深入学习摄影技术，提高个人修养，遵守国家法律，服从论坛规则。,https://forum.xitek.com/thread-2001689-1-1.html,xiaodaozi,30,4912,值班管理员8个月前
想了解一下价廉物美的运动手表（环）,https://forum.xitek.com/thread-2000851-1-1.html,wangjianshu95,119,7664,wangjianshu958个月前
DIY更换尼康EN-EL18电池电芯,https://forum.xitek.com/thread-2000330-1-1.html,sunny3302006,33,5339,sunny33020068个月前
《饮食真相》这本书很有意思,https://forum.xitek.com/thread-2001728-1-1.html,lhy02,1,3878,lhy028个月前
卡西欧G-Shock俱乐部,https://forum.xitek.com/thread-766984-1-1.html,xumatrix,838,172792,熊爪8个月前
看到那个关于衰老的帖子有感，聊聊低碳饮食、轻断食、油脂的选择，以及无麸质饮食,https://forum.xitek.com/thread-2001295-1-1.html,鱼言风语III,294,12301,tianman8个月前
#自行车爱好者之家(五),https://forum.xitek.com/thread-812391-1-1.html,老秦,844,132385,DYNAX8个月前
《无忌书画篆刻交流》（二）,https://forum.xitek.com/thread-1259805-1-1.html,佛说放下,941,32844,一人8个月前
有没有折叠车大佬。大行的S20和P8咋样？,https://forum.xitek.com/thread-2001467-1-1.html,lightssusan,30,7183,一晴方觉夏深8个月前
感觉现在手机已堪大用了,https://forum.xitek.com/thread-1995312-1-1.html,xmzw2001,153,10633,funder8个月前
穷游散记,https://forum.xitek.com/thread-1989331-1-1.html,xiaodaozi,297,9485,值班管理员8个月前
有精通※※※语的帮看看,https://forum.xitek.com/thread-2001580-1-1.html,雕刻时光,12,4520,camsona8个月前
找了很多年的桂花冰糕，终于找到了，可惜只是在网上，现在已经不生产了！,https://forum.xitek.com/thread-2001596-1-1.html,lujg98,1,4178,hopscotch8个月前
有没有可骑行又可室内健身的折叠电动车,https://forum.xitek.com/thread-1954995-1-1.html,motofox2,10,1307,一晴方觉夏深8个月前
请喜欢草书的老师进来看看这幅字的内容,https://forum.xitek.com/thread-1994763-1-1.html,packjie,30,5850,ttyy8个月前
俄罗斯巧克力鱼子酱怎么样？,https://forum.xitek.com/thread-2001358-1-1.html,zhby9818,10,4516,camsone8个月前
手工那点事----记录我的木艺DIY。,https://forum.xitek.com/thread-1486463-1-1.html,鱼头微木,324,33189,唐诗之路8个月前
几十年前朋友画的,https://forum.xitek.com/thread-1999787-1-1.html,春天照相馆,10,4311,老顽童8个月前
送妈妈奶奶上学,https://forum.xitek.com/thread-2001444-1-1.html,yxiao_9015,3,4201,yxiao_90158个月前
成了一个帆船俱乐部,https://forum.xitek.com/thread-710014-1-1.html,yatoo,241,43002,wayyt8个月前
哪家NAS相册管理好用？,https://forum.xitek.com/thread-2000682-1-1.html,xiaolihi,23,5525,偏振镜8个月前
那啥水晶的问题问一下，玉石，水晶啥的是不是大部分都是假货，或者说是人工的，合成的，人工加工优化的？,https://forum.xitek.com/thread-2000978-1-1.html,Freud,23,5156,zzz18个月前
如何把断在 混水阀2根进水软管中 角阀，取出来？,https://forum.xitek.com/thread-2001194-1-1.html,dfgh1324,15,4984,冰河8个月前
康宁玻璃碗玻璃锅为什么是琥珀色的？加了色素？,https://forum.xitek.com/thread-1853785-1-1.html,通用直升机,100,10199,tianming_rheem8个月前
心理问题：为省下非必要省的小钱而愉悦,https://forum.xitek.com/thread-2001409-1-1.html,renching,3,4321,值班管理员8个月前
玩改制135为120照相各自改制的过程和乐趣，废寝忘食走火入魔的，大家来分享最可玩的是照相机！,https://forum.xitek.com/thread-1999832-1-1.html,我依偎着徕卡,10,4019,我依偎着徕卡8个月前
马来西亚 跟团买乳胶床垫，靠谱吗？,https://forum.xitek.com/thread-1266768-1-1.html,Y2digital,46,15664,aceo8个月前
《紫砂正义》—— 第十六期,https://forum.xitek.com/thread-1403995-1-1.html,数蛇的猫,2498,152717,ZHAOPENGHAI8个月前
wndwj，这里高手多，请教一下这是文字吗？是什么文字？,https://forum.xitek.com/thread-2001273-1-1.html,lhlh6868cn,9,4795,camsone8个月前
周庄值得住一晚吗,https://forum.xitek.com/thread-2000995-1-1.html,CIO,41,5545,梦缠绕的时候8个月前
怎么多了一个回帖审核？,https://forum.xitek.com/thread-2001224-1-1.html,lzhjinny,7,4388,臭手8个月前
乳胶床垫里的硬块有害吗,https://forum.xitek.com/thread-1997379-1-1.html,wangjianshu95,54,5045,camsone8个月前
12升小冰箱直流变频压缩机也是启启停停的么？,https://forum.xitek.com/thread-2000884-1-1.html,lhy02,39,5075,lhy028个月前
古玉新蕴——古玉器入门、学习、讨论帖,https://forum.xitek.com/thread-515703-1-1.html,老茄子,545,53339,anzhifu8个月前
最近玩模拟老东西，小谷MX5050BII2和中道1000卡座,https://forum.xitek.com/thread-1628091-1-1.html,成都达明,22,1773,agnostic8个月前
关于撬茶饼的问题，茶友入,https://forum.xitek.com/thread-1967963-1-1.html,lyssocool,36,2008,gjgwuwei8个月前
有买预制菜吃的嘛？毕竟周末自驾游，9升的车载电冰箱+卡式炉解决吃饭问题,https://forum.xitek.com/thread-2001062-1-1.html,半幅机,39,5033,半幅机8个月前
买空调（挂机），格力、美的还是松下？,https://forum.xitek.com/thread-2000146-1-1.html,xiaolihi,59,6110,runnova8个月前
刚看了一下大疆发布的1度电二代户外电源，还是没有集成其他家都有的点烟器输出。,https://forum.xitek.com/thread-2001111-1-1.html,半幅机,0,3977,半幅机8个月前
黑龙江冬季纯靠羽绒服保暖可行不？,https://forum.xitek.com/thread-2000369-1-1.html,lhy02,46,5330,八十八好8个月前
小牛NXT大师版，终于还是买了,https://forum.xitek.com/thread-2000901-1-1.html,haiyangsea,6,6422,haiyangsea8个月前
现在还有什么行业零售线下可以做的？,https://forum.xitek.com/thread-2001063-1-1.html,capri2012,2,4413,值班管理员8个月前
老物件，自然之物......,https://forum.xitek.com/thread-1997024-1-1.html,糖衣炮弹,16,5234,alcatel8个月前
咨询一下达威力棘轮套筒,https://forum.xitek.com/thread-1666486-1-1.html,yang2785,23,1469,katanalyp8个月前
wndwj，推荐个3/8的快速(棘轮)扳手,https://forum.xitek.com/thread-1230333-1-1.html,送光明,1,247,katanalyp8个月前
感冒后的咳嗽如何止住？,https://forum.xitek.com/thread-1821647-1-1.html,webzhou,153,7220,星辰冰镜8个月前
羊皮鞋真舒服,https://forum.xitek.com/thread-2000869-1-1.html,CIO,19,5057,雁北飞8个月前
尽管不愿意接受老花，但已是事实。那就来谈谈老花镜吧，各位有好的建议吗？,https://forum.xitek.com/thread-1991587-1-1.html,ysl0606,55,2146,lujg988个月前
家用电动工具 - 家里家外 DIY 交流 - 9期,https://forum.xitek.com/thread-1806855-1-1.html,fruitbear,2498,165059,fruitbear8个月前
无忌论坛有立体摄影版块吗？谢谢,https://forum.xitek.com/thread-1372418-1-1.html,photomovie,15,373,camsone8个月前
九年义务教育实行这么多年了，识字率有点太低了吧,https://forum.xitek.com/thread-2000986-1-1.html,龍蝦,4,4124,值班管理员8个月前
有用进口高压锅的么？菲仕乐，双立人，WMF哪个好？,https://forum.xitek.com/thread-1373843-1-1.html,magicstone007,95,26391,回龙头大9个月前
有烧高等数学的色友吗，呵呵,https://forum.xitek.com/thread-858426-1-1.html,鸟一鸟一鸟,1244,116230,devin_deng9个月前
有60万闲钱，怎么处理比较好,https://forum.xitek.com/thread-1993372-1-1.html,天下无忌,61,12272,diy患者29个月前
实在无聊，雅马哈和罗兰电钢琴选哪个,https://forum.xitek.com/thread-1872843-1-1.html,白道黑,89,6744,technician9个月前
是时候成立房产/装修论坛了吧,https://forum.xitek.com/thread-1455579-1-1.html,ultraxp,104,4820,CIO9个月前
全画幅太重了，悲催……,https://forum.xitek.com/thread-2000685-1-1.html,xjlgzcc,28,6064,wazdd9个月前
奶奶的，摩托车头盔居然自己摔裂了,https://forum.xitek.com/thread-1724936-1-1.html,haiyangsea,40,1934,八大行星9个月前
厨房装空调，开个门不行吗？,https://forum.xitek.com/thread-2000275-1-1.html,renching,54,5250,lhy029个月前
快退休了，到哪里找旅游的玩伴？,https://forum.xitek.com/thread-2000553-1-1.html,zzz1,79,6780,wayyt9个月前
蜘蛛折刀 Spyderco ，兼谈 EDC 刀,https://forum.xitek.com/thread-569402-1-1.html,fruitbear,1505,430133,fruitbear9个月前
请教下，有朋友考过 演出经纪人证吗？,https://forum.xitek.com/thread-2000790-1-1.html,woshixiaobai,1,4043,云门光影9个月前
芦荟会开花,https://forum.xitek.com/thread-2000710-1-1.html,明海一,12,4660,camsona9个月前
一年一度的我又双叕来了——少量自家黄山毛峰,https://forum.xitek.com/thread-2000285-1-1.html,xiechq,5,3831,xiechq9个月前
桌面铺什么可以避免袖子磨光,https://forum.xitek.com/thread-2000730-1-1.html,CIO,11,4428,半幅机9个月前
有烧deepseek的吗？,https://forum.xitek.com/thread-1997730-1-1.html,八月七日,268,14042,losagelos9个月前
有烧放大镜的吗？,https://forum.xitek.com/thread-1990170-1-1.html,一晴方觉夏深,33,1708,虚镜头9个月前
有谁懂马来西亚的“东革阿里”吗,https://forum.xitek.com/thread-1190885-1-1.html,sens1212,21,1397,星辰冰镜9个月前
坐标上海，有喜欢拍飞机、赛车、轮船的朋友吗,https://forum.xitek.com/thread-1883145-1-1.html,dp1s,8,661,平均律9个月前
不如归去，做个闲人,https://forum.xitek.com/thread-1390142-1-1.html,格瓦拉日记,1270,135441,吾见刚正9个月前
一个地理知识：经纬度如何表示？,https://forum.xitek.com/thread-2000626-1-1.html,allseasons,3,4270,camsone9个月前
太卷了！！！,https://forum.xitek.com/thread-2000688-1-1.html,曝光—不足,3,4424,值班管理员9个月前
有了解家用净水器的吗？,https://forum.xitek.com/thread-1929038-1-1.html,wangjianshu95,56,2248,xxjtgyp9个月前
卫健委发布《成人肥胖食养指南》？,https://forum.xitek.com/thread-2000651-1-1.html,lhy02,2,4153,值班管理员9个月前
七律一首，《乙巳年春日有感》,https://forum.xitek.com/thread-1998113-1-1.html,aiju,51,5342,aiju9个月前
关于净水器水泵与RO膜的搭配问题,https://forum.xitek.com/thread-2000658-1-1.html,积乱云,1,4271,huntone9个月前
松下也只剩下牌子，产品质量甚至不如国产了。,https://forum.xitek.com/thread-1993900-1-1.html,磐安风,141,12438,hurstbo9个月前
适合扫街的机器屏幕形式,https://forum.xitek.com/thread-2000603-1-1.html,奥林斯巴om,0,3886,奥林斯巴om9个月前
请教：如何用Excel产生指定范围的随机数,https://forum.xitek.com/thread-2000555-1-1.html,银龙武士,4,3672,银龙武士9个月前
七月份背着背包游北京会不会太热？,https://forum.xitek.com/thread-1989444-1-1.html,fiedel,220,5944,战列舰20029个月前
华岗故居,https://forum.xitek.com/thread-1999956-1-1.html,还酹江月,55,4382,还酹江月9个月前
不闻日记：自由之路-感悟马家堡，钓鱼、摩托、足球...,https://forum.xitek.com/thread-1457915-1-1.html,不闻,1291,54692,西绅士9个月前
光影有迹 — 强光手电交流贴 (六） 正式回归啦,https://forum.xitek.com/thread-1829538-1-1.html,dengtuzi,232,10095,eos50009个月前
WNDWJ: 大家有见过确实不缩水的纯棉袜子吗?,https://forum.xitek.com/thread-1997863-1-1.html,osterport,17,4618,小兵辣子9个月前
DIY激光雕刻机,https://forum.xitek.com/thread-1668016-1-1.html,soyobin,25,2389,皂浦9个月前
钢琴练习连载：巴赫英国组曲第二组第一首（BWV807）,https://forum.xitek.com/thread-2000487-1-1.html,technician,0,3645,technician9个月前
聊聊厨刀之：锋利,https://forum.xitek.com/thread-1784493-1-1.html,fruitbear,800,50031,星辰冰镜9个月前
请教诸位DX，iPad电池很奇怪掉电的现象,https://forum.xitek.com/thread-2000376-1-1.html,银龙武士,12,4058,camsona9个月前
细思极恐：你想过如何证明你是你吗？安东尼霍普金斯：2021年《困在时间里的父亲》,https://forum.xitek.com/thread-1997446-1-1.html,allseasons,65,6572,值班管理员9个月前
白茶的价格是不是偏贵?,https://forum.xitek.com/thread-2000341-1-1.html,paku,2,3978,paku9个月前
最近有什么好纪录片？,https://forum.xitek.com/thread-1995847-1-1.html,山中问答,28,4502,山中问答9个月前
给老人用的电动爬楼机有没有比较靠谱的产品？,https://forum.xitek.com/thread-1999464-1-1.html,三泡台,22,4808,zbzsf9个月前
尼康NIKON EN-EL4a更换3450mAh电芯,https://forum.xitek.com/thread-1667208-1-1.html,自行车杀手,64,5082,xuyanlin39个月前
什么样的男式假发比较好,https://forum.xitek.com/thread-1996964-1-1.html,太极湖,12,4379,久违999个月前
如何清理脚后跟老皮？,https://forum.xitek.com/thread-1997208-1-1.html,已注销用户,19,4590,文艺男中年9个月前
问kimi陆小凤银钩赌坊的问题，kimi蒙了,https://forum.xitek.com/thread-2000229-1-1.html,lhy02,2,3367,牛年好9个月前
鱼肚擀面杖比平直擀面杖好用吗,https://forum.xitek.com/thread-1999597-1-1.html,CIO,43,5194,wyjy9个月前
关于睡眠和饮酒,https://forum.xitek.com/thread-1997768-1-1.html,kangshif,30,5639,天行健9个月前
美食、美女人和美景,https://forum.xitek.com/thread-1904409-1-1.html,yhmj,100,10485,yhmj9个月前
请大家批评，大路灯我又买了一个,https://forum.xitek.com/thread-1998508-1-1.html,haiyangsea,8,5668,酒意浓9个月前
有对男士内裤有研究的吗，进来聊聊,https://forum.xitek.com/thread-668989-1-1.html,zlllz,530,88338,牛年好9个月前
盘点一下40岁之后都干了点什么,https://forum.xitek.com/thread-1999840-1-1.html,龍蝦,11,5005,西绅士9个月前
蓄势一年，只为遇到更好的你,https://forum.xitek.com/thread-1749659-1-1.html,如歌的行板hz,360,24716,如歌的行板hz9个月前
有喜欢CRT彩电的吗？掏了一台30寸SONY全平FD Trinitron 16:9高清数字彩电。,https://forum.xitek.com/thread-1014866-1-1.html,TiiT,62,5636,SenkaiYe9个月前
懂红茶的朋友请聊聊经验,https://forum.xitek.com/thread-1982813-1-1.html,清风雅鼠,157,5761,爱照相的牛9个月前
有没有人说墨镜的？,https://forum.xitek.com/thread-1587160-1-1.html,forgotmyid,51,3950,破轮9个月前
说说屯点什么吧,https://forum.xitek.com/thread-2000062-1-1.html,haiyangsea,26,4206,值班管理员9个月前
二十多年的插排很危险吗,https://forum.xitek.com/thread-1997238-1-1.html,CIO,78,7326,超级哈密瓜9个月前
老人积攒的邮票怎么处理比较好？,https://forum.xitek.com/thread-1998567-1-1.html,haiyangsea,66,8636,gg3219个月前
30年前代替机械键盘的是薄膜键盘还是电容键盘,https://forum.xitek.com/thread-2000015-1-1.html,CIO,5,3425,透明之夜9个月前
健康饮食，锻炼身体,https://forum.xitek.com/thread-1977490-1-1.html,xiaodaozi,384,17506,xiaodaozi10个月前
看不懂的现代艺术,https://forum.xitek.com/thread-1926582-1-1.html,emba903,17,1069,kingsun10个月前
胖友俱乐部(Palm),https://forum.xitek.com/thread-87850-1-1.html,馅饼,994,127682,zhououi10个月前
开贴聊一聊什么是艺术，不曾经历痛苦的人不会懂艺术,https://forum.xitek.com/thread-1999816-1-1.html,伟大精工,2,3619,值班管理员10个月前
夏天来了，有没有不怕磨损、头油的墨镜,https://forum.xitek.com/thread-1986564-1-1.html,wxb,32,1428,wxb10个月前
男人墨镜怎么戴，放哪里,https://forum.xitek.com/thread-1998859-1-1.html,wxb,32,6737,wxb10个月前
一个家庭应该有三个洗衣机，两个洗碗机,https://forum.xitek.com/thread-1999331-1-1.html,鱼言风语III,84,6274,大家洼10个月前
准备做个小型的太阳能发电系统,https://forum.xitek.com/thread-1509332-1-1.html,超级哈密瓜,273,26637,星辰冰镜10个月前
燃气灶头烧成这样算什么水平？到底是修还是换新？,https://forum.xitek.com/thread-1992781-1-1.html,carac,67,5116,石慧10个月前
拍照十几年 硬盘需求越来越大了,https://forum.xitek.com/thread-1972328-1-1.html,沉默的羔羊,104,4938,山中问答10个月前
《荒野寻星记》,https://forum.xitek.com/thread-1999632-1-1.html,柴油党,2,3677,大扯拐10个月前
有没有烧激光雕刻机的主,https://forum.xitek.com/thread-1422243-1-1.html,lovesky1981,15,1076,皂浦10个月前
书刻,https://forum.xitek.com/thread-1999661-1-1.html,春天照相馆,1,3699,值班管理员10个月前
书刻2,https://forum.xitek.com/thread-1999662-1-1.html,春天照相馆,1,3643,值班管理员10个月前
有人烧做咖啡用的压粉器的吗，也有叫粉锤的,https://forum.xitek.com/thread-1142893-1-1.html,正派的Edison,60,4205,皂浦10个月前
哲△ 品牌策略与设计自留地,https://forum.xitek.com/thread-1641458-1-1.html,哲△,189,4964,哲△10个月前
有烧站桩的吗,https://forum.xitek.com/thread-1999301-1-1.html,robort,13,4532,qxbus10个月前
螺纹胶固定螺丝为什么分型号,https://forum.xitek.com/thread-1999515-1-1.html,CIO,10,4257,村西老张10个月前
有了解便携式制氧机的吗？,https://forum.xitek.com/thread-1999396-1-1.html,三泡台,7,4775,zj4j10个月前
今年体检总胆固醇高了,https://forum.xitek.com/thread-1997462-1-1.html,痴汉,36,5739,shwxyb40010个月前
洁牙仪,https://forum.xitek.com/thread-1999501-1-1.html,小兵辣子,1,3877,CATWK10个月前
热门电影和冷门电影推荐,https://forum.xitek.com/thread-1993035-1-1.html,山中问答,69,8470,山中问答10个月前
谈谈地板 -- 玉檀香,https://forum.xitek.com/thread-997538-1-1.html,sam0407,80,11083,童安格10个月前
你家的石英石台面开裂了吗？,https://forum.xitek.com/thread-1999120-1-1.html,zj4j,70,6666,zj4j10个月前
青岛艺术馆：故宫博物院藏历代宫廷珐琅器精品展,https://forum.xitek.com/thread-1956235-1-1.html,还酹江月,143,4229,还酹江月10个月前
从来就不玩游戏，很想知道电脑游戏怎么入门？,https://forum.xitek.com/thread-1995671-1-1.html,lujg98,38,4345,老高10个月前
青岛美术馆馆藏,https://forum.xitek.com/thread-1998703-1-1.html,还酹江月,22,4929,还酹江月10个月前
上古兵器~章丘大师手打铁锅,https://forum.xitek.com/thread-1886165-1-1.html,戈壁飞雪,257,11063,zj4j10个月前
200天减肥降血脂流水贴,https://forum.xitek.com/thread-1998256-1-1.html,家和万事兴001,62,6927,barenboim10个月前
请教一下有什么办法可以让带锂电池的产品每次充电只到66%?,https://forum.xitek.com/thread-1769099-1-1.html,stalk012,43,2046,我系原子10个月前
来讨论一下可口可乐的安全问题,https://forum.xitek.com/thread-1410921-1-1.html,马库斯,254,6384,值班管理员10个月前
请教达人，哑铃片安装次序有讲究么？,https://forum.xitek.com/thread-1999329-1-1.html,文艺男中年,7,4186,camsona10个月前
关于ai虚拟人物,https://forum.xitek.com/thread-1999243-1-1.html,paku,3,4193,paku10个月前
有烧铸铁锅的吗？,https://forum.xitek.com/thread-1292221-1-1.html,回首网事,309,72214,星辰冰镜10个月前
请问广东产的陈枝记铁锅和香港生产的陈枝记铁锅，品质区别大吗？,https://forum.xitek.com/thread-1977350-1-1.html,瑞明,49,2390,katanalyp10个月前
